# Hand-verified corrections to globals_final.tsv, each read out of the actual code.
# These WIN over both the usage classifier and construction-site typing.
#
# The deciding rule is refcount traffic, not access width: a retain (FF 40 04) on the
# incoming value plus a release (FF 48 04 + conditional bbGCFree) on the outgoing one means
# the slot holds a reference; a bare mov with no refcount traffic means Int.
va	type	evidence
0x00c5d290	String	full retain/release on both sides of the store; the classifier counted the mov and ignored the refcount traffic
0x00c639fc	String	same shape as 0x00C5D290
0x00c5b1fc	Int	typed TPlayer from a SINGLE construction site, but TTraining.Fail stores the constant 11 with a bare mov dword and no refcount traffic. One construction site is not sufficient evidence.
0x00c5dea4	TBall	typed TPlayer on the premise "only TPlayer has slots 0x68,0x84,0x88,0x90". That premise is false -- TBall has all four (Kick/NewController/KeeperHolding/Deflect). TPlayer.BlockSave passes a TPlayer into slot 0x84 and dereferences +0x70 = TBall.controlledby:TPlayer. Only matches as TBall.
0x00c5df00	Int[]	listed Object[] but walked as Int[]
0x00c5df18	Int[]	listed Object[] but walked as Int[]
0x00c6ad80	TList	listed bare Object
0x00c6d9f4	TImage	listed bare Object
#
# --- wave 7 (worker `glob`): re-audit of globals_final.tsv ---------------------
# Each read out of NSS5.exe at the addresses quoted below.
0x00c63990	String[]	construction site is _bbArraySlice(0x004A6480) at 0x0051CE1C with type tag 0x00C59058 = the C string "$"; a String array, not Object[]. Grow-by-one idiom reading .Length at [eax+0x14].
0x00c68a04	TImage	assigned the return of LoadImageChecked (0x004BC372, sig ($,i):TImage) at 0x0056178B with a full retain (inc [eax+4]) / release (dec [eax+4] + conditional bbGCFree 0x004A8590) pair. Listed TScreen.
0x00c6f274	TImage	assigned the return of LoadImageChecked (0x004BC372) at 0x004BBDDA, retain at 0x004BBDD7. Also passed at 0x00512849 into a TButton icon setter. Listed bare Object.
0x00c6675c	TImage	assigned the return of LoadImageChecked (0x004BC372) at 0x00539F83 with retain/release around the store. Also passed at 0x00561835 into slot 0x90 of the TButton at 0x00C68A14. Listed bare Object.
0x00c5df34	TSound	assigned the return of LoadSoundChecked (0x004BC564, sig ($,i):TSound) at 0x004ED361 with retain/release; and passed as arg0 of _brl_audio_PlaySound (0x0059B25E) at 0x004FD099. Listed bare Object.
0x00c5df2c	TChannel	assigned the return of _brl_audio_AllocChannel (0x0059B290, :TChannel) at 0x004ED2E7 with retain/release; and passed as arg1 (the channel) of PlaySound at 0x004FD093. Listed bare Object.
0x00c6e950	String	passed as arg0 of _bbStringConcat (0x004A7C20) at 0x004BB61C and as arg0 of _bbStringStartsWith (0x004A6BF0) at 0x004BBFE0. NOTE the push of 0x00C6E954 just before it belongs to the FOLLOWING call (0x004BC1D1) -- Ghidra merges them. Listed Int.
0x00c5dec0	Int[]	_bbArrayNew1D(0x004A63D0) at 0x004EC486 with type tag 0x00C59097 = the C string "i", 9 elements, then nine literal ints written at [ebx+0x18..0x38] (BBArray data starts at +0x18). Retain/release on the store. Listed Object[].
0x00c5debc	Int[]	_bbArrayNew1D(0x004A63D0) at 0x004EC421, tag "i", 8 elements written at [ebx+0x18..0x34]. Compared against TPlayer.currentanim at [edi+0x130] in 0x004F458A. Listed Object[].
0x00c6efd4	Int	written at 0x004BCD35 as MilliSecs(0x004A4860) minus [0x00C6EFD8] with a bare mov and no refcount traffic, then used in integer compares (cmp [0xC6EFD4],eax / jle at 0x004C9087). Re-confirms codegen-patterns 10.7. Listed TScreen.
#
# --- wave 9 (worker `w9_conflicts`): the four Global TYPE CONFLICTS from 23-assembly.md
# Each was two byte-verified bodies disagreeing about one slot. Resolved from the code:
# construction site first, then slots+fields intersected against ALL 348 scopes in
# object_model.json (not a shortlist -- that is the mistake that mistyped 0x00C5DEA4).
0x00c61cf8	TGadget	CONFLICT g_activegadget Object(7 files) vs TGadget(8 files) -- TGadget. Field +0x40 is LOADED and compared against 0x005B95D0 (the empty function) at 0x005114C7 and then CALLED as `call [eax+0x40]` at 0x00511516, so +0x40 is a function-pointer field: only TGadget.fHit()i fits. 0x00514C5D is GetActiveGadgetName -- returns +0x0C directly as $ with the empty-string literal 0x00C5D284 as the null fallback, so +0x0C is `name $`. Slot 0x6C is called with two String args (0x00C5D680="FFFFFF") = TGadget.SetColour($,$)i; slot 0x70 = SetAlph(f). Stored value is the result of bbObjectDowncast(o,0x00C62150=TGadget) at 0x005123AB, so the declared type must be TGadget or an ancestor. 14 release sites => reference, not Int. Slots {0x34,0x4C,0x6C,0x70} + fields {0xC,0x28,0x2C,0x38,0x3C,0x40,0x44,0x54,0x58} narrow 348 scopes to 6 (TBall,TCompetition,TGadget,THorse,TPlayer,TProfile); of those only TGadget is assignable from a TGadget and only TGadget has a ()i at +0x40.
0x00c6f028	TProfile	CONFLICT g_contractoffer_tplayer TPlayer(1 file) vs TProfile(3 files) -- TProfile, and the NAME is the wrong guess. Construction site 0x004BB9E2: `push 0x00C6A4C0; call 0x004A8F20` and 0x00C6A4C0 is TProfile's class table => `New TProfile`. Independently, the 39 slots and 3 field offsets dispatched directly through it intersect to exactly 1 of 348 scopes: TProfile. TPlayer is impossible on size alone -- instance_size 396 (0x18C) cannot hold the field at +0x1A4 that TContractOffer.EraseInterestedClubs writes; TProfile is 544 (0x220). The superseded TPlayer row came from "only TPlayer has slots 0x30,0x34,0x3c,0x40", an unsound uniqueness claim (143 Types share them).
0x00c6bbbc	TRouletteWheel	NOT a type conflict: `g_wheel` is one NAME over TWO addresses. This one is assigned at 0x00575533 from `call [0x00C6BE3C]` = TRouletteWheel classtable (0x00C6BE0C) + 0x30 = Create():TRouletteWheel -- a factory's declared return type. Renamed g_roulettewheel; it pairs with 0x00C6BBC0 g_ball:TRouletteBall, built by the same initialiser at 0x00575511.
0x00c6bcb4	TImage	The other `g_wheel`. Assigned at 0x00575B06 from LoadImageChecked(0x004BC372, sig ($,i):TImage) loading Casino/Roulette/Wheel.png, then passed to MidHandleImage. No slot is ever dispatched through it and no field read off it -- the type comes purely from the factory return type. Keeps the name g_wheel; pairs with 0x00C6BCB8 g_wheelinner:TImage. Both original types were RIGHT; the defect was the shared name.
0x00C5D274	Int	g_currency	The CURRENCY SELECTOR, not the opaque g_screen_options_int04 that globals_final.tsv records (type_source=usage, confidence=medium). Type Int is correct; only the name was uninformative. Evidence: FUN_0050720B (the money formatter, 107 call sites) opens with a Select on this Global comparing 1, 2, 3. Case 2 picks symbol 0x00C7BCD4 = UTF-16 0x00A3 = the pound sign and rate 0x00C7BCE4 = 0.62; case 3 picks 0x00C7BCE8 = UTF-16 0x20AC = the euro sign and rate 0x00C7BCF8 = 0.70; the default is 0x00C7529C = dollar with no conversion. 0.62 USD->GBP and 0.70 USD->EUR corroborate the symbols. See docs/reconstruction/gating-module-functions.md.
#
# --- wave 13 (worker `w13_S3`): re-measured from NSS5.exe, not inherited ---------
# 0x00C59097 reads `69 00` = the C string "i", the BBArray element-type descriptor for Int
# (cf. 0x00C59058 = "$" used by the wave-7 String[] row). Method: for each of the 32
# globals, locate EVERY absolute store in `code` (A3/89 imm32 forms) and walk back for a
# `push <descriptor>`. Result: 32/32 have EXACTLY ONE store, and every one is preceded by
# the "i" descriptor. Zero are preceded by "$" or by any class table. 18 of the 32 also
# tie forward to their _bbArrayNew1D(0x004A63D0) / _bbArraySlice(0x004A6480) call directly.
0x00c5deac	Int[]	g_player_arr01: sole store in `code` is preceded by the Int element-type descriptor 0x00C59097 ("i") pushed into _bbArrayNew1D/_bbArraySlice; never "$" and never a class table. globals_final.tsv says Object[] for 28 of these 32. All 18 recovered TPlayer bodies that touch them already declare Int[], so the table was the only wrong artefact.
0x00c5deb0	Int[]	g_player_arr02: sole store in `code` is preceded by the Int element-type descriptor 0x00C59097 ("i") pushed into _bbArrayNew1D/_bbArraySlice; never "$" and never a class table. globals_final.tsv says Object[] for 28 of these 32. All 18 recovered TPlayer bodies that touch them already declare Int[], so the table was the only wrong artefact.
0x00c5deb4	Int[]	g_player_arr03: sole store in `code` is preceded by the Int element-type descriptor 0x00C59097 ("i") pushed into _bbArrayNew1D/_bbArraySlice; never "$" and never a class table. globals_final.tsv says Object[] for 28 of these 32. All 18 recovered TPlayer bodies that touch them already declare Int[], so the table was the only wrong artefact.
0x00c5deb8	Int[]	g_player_arr04: sole store in `code` is preceded by the Int element-type descriptor 0x00C59097 ("i") pushed into _bbArrayNew1D/_bbArraySlice; never "$" and never a class table. globals_final.tsv says Object[] for 28 of these 32. All 18 recovered TPlayer bodies that touch them already declare Int[], so the table was the only wrong artefact.
0x00c5debc	Int[]	g_player_arr05: sole store in `code` is preceded by the Int element-type descriptor 0x00C59097 ("i") pushed into _bbArrayNew1D/_bbArraySlice; never "$" and never a class table. globals_final.tsv says Object[] for 28 of these 32. All 18 recovered TPlayer bodies that touch them already declare Int[], so the table was the only wrong artefact.
0x00c5dec0	Int[]	g_player_arr06: sole store in `code` is preceded by the Int element-type descriptor 0x00C59097 ("i") pushed into _bbArrayNew1D/_bbArraySlice; never "$" and never a class table. globals_final.tsv says Object[] for 28 of these 32. All 18 recovered TPlayer bodies that touch them already declare Int[], so the table was the only wrong artefact.
0x00c5dec4	Int[]	g_player_arr07: sole store in `code` is preceded by the Int element-type descriptor 0x00C59097 ("i") pushed into _bbArrayNew1D/_bbArraySlice; never "$" and never a class table. globals_final.tsv says Object[] for 28 of these 32. All 18 recovered TPlayer bodies that touch them already declare Int[], so the table was the only wrong artefact.
0x00c5dec8	Int[]	g_player_arr08: sole store in `code` is preceded by the Int element-type descriptor 0x00C59097 ("i") pushed into _bbArrayNew1D/_bbArraySlice; never "$" and never a class table. globals_final.tsv says Object[] for 28 of these 32. All 18 recovered TPlayer bodies that touch them already declare Int[], so the table was the only wrong artefact.
0x00c5decc	Int[]	g_player_arr09: sole store in `code` is preceded by the Int element-type descriptor 0x00C59097 ("i") pushed into _bbArrayNew1D/_bbArraySlice; never "$" and never a class table. globals_final.tsv says Object[] for 28 of these 32. All 18 recovered TPlayer bodies that touch them already declare Int[], so the table was the only wrong artefact.
0x00c5ded0	Int[]	g_player_arr10: sole store in `code` is preceded by the Int element-type descriptor 0x00C59097 ("i") pushed into _bbArrayNew1D/_bbArraySlice; never "$" and never a class table. globals_final.tsv says Object[] for 28 of these 32. All 18 recovered TPlayer bodies that touch them already declare Int[], so the table was the only wrong artefact.
0x00c5ded4	Int[]	g_player_arr11: sole store in `code` is preceded by the Int element-type descriptor 0x00C59097 ("i") pushed into _bbArrayNew1D/_bbArraySlice; never "$" and never a class table. globals_final.tsv says Object[] for 28 of these 32. All 18 recovered TPlayer bodies that touch them already declare Int[], so the table was the only wrong artefact.
0x00c5ded8	Int[]	g_player_arr12: sole store in `code` is preceded by the Int element-type descriptor 0x00C59097 ("i") pushed into _bbArrayNew1D/_bbArraySlice; never "$" and never a class table. globals_final.tsv says Object[] for 28 of these 32. All 18 recovered TPlayer bodies that touch them already declare Int[], so the table was the only wrong artefact.
0x00c5dedc	Int[]	g_player_arr13: sole store in `code` is preceded by the Int element-type descriptor 0x00C59097 ("i") pushed into _bbArrayNew1D/_bbArraySlice; never "$" and never a class table. globals_final.tsv says Object[] for 28 of these 32. All 18 recovered TPlayer bodies that touch them already declare Int[], so the table was the only wrong artefact.
0x00c5dee0	Int[]	g_player_arr14: sole store in `code` is preceded by the Int element-type descriptor 0x00C59097 ("i") pushed into _bbArrayNew1D/_bbArraySlice; never "$" and never a class table. globals_final.tsv says Object[] for 28 of these 32. All 18 recovered TPlayer bodies that touch them already declare Int[], so the table was the only wrong artefact.
0x00c5dee4	Int[]	g_player_arr15: sole store in `code` is preceded by the Int element-type descriptor 0x00C59097 ("i") pushed into _bbArrayNew1D/_bbArraySlice; never "$" and never a class table. globals_final.tsv says Object[] for 28 of these 32. All 18 recovered TPlayer bodies that touch them already declare Int[], so the table was the only wrong artefact.
0x00c5dee8	Int[]	g_player_arr16: sole store in `code` is preceded by the Int element-type descriptor 0x00C59097 ("i") pushed into _bbArrayNew1D/_bbArraySlice; never "$" and never a class table. globals_final.tsv says Object[] for 28 of these 32. All 18 recovered TPlayer bodies that touch them already declare Int[], so the table was the only wrong artefact.
0x00c5deec	Int[]	g_player_arr17: sole store in `code` is preceded by the Int element-type descriptor 0x00C59097 ("i") pushed into _bbArrayNew1D/_bbArraySlice; never "$" and never a class table. globals_final.tsv says Object[] for 28 of these 32. All 18 recovered TPlayer bodies that touch them already declare Int[], so the table was the only wrong artefact.
0x00c5def0	Int[]	g_player_arr18: sole store in `code` is preceded by the Int element-type descriptor 0x00C59097 ("i") pushed into _bbArrayNew1D/_bbArraySlice; never "$" and never a class table. globals_final.tsv says Object[] for 28 of these 32. All 18 recovered TPlayer bodies that touch them already declare Int[], so the table was the only wrong artefact.
0x00c5def4	Int[]	g_player_arr19: sole store in `code` is preceded by the Int element-type descriptor 0x00C59097 ("i") pushed into _bbArrayNew1D/_bbArraySlice; never "$" and never a class table. globals_final.tsv says Object[] for 28 of these 32. All 18 recovered TPlayer bodies that touch them already declare Int[], so the table was the only wrong artefact.
0x00c5def8	Int[]	g_player_arr20: sole store in `code` is preceded by the Int element-type descriptor 0x00C59097 ("i") pushed into _bbArrayNew1D/_bbArraySlice; never "$" and never a class table. globals_final.tsv says Object[] for 28 of these 32. All 18 recovered TPlayer bodies that touch them already declare Int[], so the table was the only wrong artefact.
0x00c5defc	Int[]	g_player_arr21: sole store in `code` is preceded by the Int element-type descriptor 0x00C59097 ("i") pushed into _bbArrayNew1D/_bbArraySlice; never "$" and never a class table. globals_final.tsv says Object[] for 28 of these 32. All 18 recovered TPlayer bodies that touch them already declare Int[], so the table was the only wrong artefact.
0x00c5df00	Int[]	g_player_arr22: sole store in `code` is preceded by the Int element-type descriptor 0x00C59097 ("i") pushed into _bbArrayNew1D/_bbArraySlice; never "$" and never a class table. globals_final.tsv says Object[] for 28 of these 32. All 18 recovered TPlayer bodies that touch them already declare Int[], so the table was the only wrong artefact.
0x00c5df04	Int[]	g_player_arr23: sole store in `code` is preceded by the Int element-type descriptor 0x00C59097 ("i") pushed into _bbArrayNew1D/_bbArraySlice; never "$" and never a class table. globals_final.tsv says Object[] for 28 of these 32. All 18 recovered TPlayer bodies that touch them already declare Int[], so the table was the only wrong artefact.
0x00c5df08	Int[]	g_player_arr24: sole store in `code` is preceded by the Int element-type descriptor 0x00C59097 ("i") pushed into _bbArrayNew1D/_bbArraySlice; never "$" and never a class table. globals_final.tsv says Object[] for 28 of these 32. All 18 recovered TPlayer bodies that touch them already declare Int[], so the table was the only wrong artefact.
0x00c5df0c	Int[]	g_player_arr25: sole store in `code` is preceded by the Int element-type descriptor 0x00C59097 ("i") pushed into _bbArrayNew1D/_bbArraySlice; never "$" and never a class table. globals_final.tsv says Object[] for 28 of these 32. All 18 recovered TPlayer bodies that touch them already declare Int[], so the table was the only wrong artefact.
0x00c5df10	Int[]	g_player_arr26: sole store in `code` is preceded by the Int element-type descriptor 0x00C59097 ("i") pushed into _bbArrayNew1D/_bbArraySlice; never "$" and never a class table. globals_final.tsv says Object[] for 28 of these 32. All 18 recovered TPlayer bodies that touch them already declare Int[], so the table was the only wrong artefact.
0x00c5df14	Int[]	g_player_arr27: sole store in `code` is preceded by the Int element-type descriptor 0x00C59097 ("i") pushed into _bbArrayNew1D/_bbArraySlice; never "$" and never a class table. globals_final.tsv says Object[] for 28 of these 32. All 18 recovered TPlayer bodies that touch them already declare Int[], so the table was the only wrong artefact.
0x00c5df18	Int[]	g_player_arr28: sole store in `code` is preceded by the Int element-type descriptor 0x00C59097 ("i") pushed into _bbArrayNew1D/_bbArraySlice; never "$" and never a class table. globals_final.tsv says Object[] for 28 of these 32. All 18 recovered TPlayer bodies that touch them already declare Int[], so the table was the only wrong artefact.
0x00c5df1c	Int[]	g_player_arr29: sole store in `code` is preceded by the Int element-type descriptor 0x00C59097 ("i") pushed into _bbArrayNew1D/_bbArraySlice; never "$" and never a class table. globals_final.tsv says Object[] for 28 of these 32. All 18 recovered TPlayer bodies that touch them already declare Int[], so the table was the only wrong artefact.
0x00c5df20	Int[]	g_player_arr30: sole store in `code` is preceded by the Int element-type descriptor 0x00C59097 ("i") pushed into _bbArrayNew1D/_bbArraySlice; never "$" and never a class table. globals_final.tsv says Object[] for 28 of these 32. All 18 recovered TPlayer bodies that touch them already declare Int[], so the table was the only wrong artefact.
0x00c5df24	Int[]	g_player_arr31: sole store in `code` is preceded by the Int element-type descriptor 0x00C59097 ("i") pushed into _bbArrayNew1D/_bbArraySlice; never "$" and never a class table. globals_final.tsv says Object[] for 28 of these 32. All 18 recovered TPlayer bodies that touch them already declare Int[], so the table was the only wrong artefact.
0x00c5df28	Int[]	g_player_arr32: sole store in `code` is preceded by the Int element-type descriptor 0x00C59097 ("i") pushed into _bbArrayNew1D/_bbArraySlice; never "$" and never a class table. globals_final.tsv says Object[] for 28 of these 32. All 18 recovered TPlayer bodies that touch them already declare Int[], so the table was the only wrong artefact.
0x00c5de2c	String	g_player_int26: listed Int. The single store at 0x004EC1AC is a textbook reference assignment -- `mov ebx,eax / inc [ebx+4]` (retain) then `mov eax,[0xC5DE2C] / dec [eax+4] / jne / push eax / call 0x4A8590` (release + bbGCFree) then `mov [0xC5DE2C],ebx`. Refcount traffic decides the type (codegen-patterns 11.2), so it is a reference, not an Int. String rather than an object because the stored value is the return of the settings reader 0x004BC1D1, whose not-found path is `mov eax,0xC5D284 / jmp epilogue` -- 0x00C5D284 is the empty-string literal, i.e. `Return ""`, so the function is declared :String. Key read is "spritename_player" from "incbin::Inc/Engine.ini".
0x00c6e900	String	g_screen_mainmenu_int25: listed Int. Pushed as arg1 of _bbStringConcat (0x004A7C20) at 0x0051C3E4 with no Int->String conversion anywhere on the path; pushed into _bbStringCompare (0x004A6A30) at 0x0051D0B0 and 0x0051D0D2 against 0x00C639FC and 0x00C63A00; and at 0x0051D983 loaded with a retain (inc [ebx+4]) and stored into 0x00C639FC, which globals_corrections.tsv ALREADY types String. A String-to-String assignment. Corroborated independently by the byte-verified TScreen_MainMenu.UpdateVersionInfo, which declares it :String.
# --- NOT a Global: the eleven "GC root ranges" in docs/specs/22-module-body.md are the
# INCBIN REGISTRATIONS. 0x004A8CC0 is _bbIncbinAdd(BBString *path, void *ptr, int len)
# (tools/blitzmax-legacy-src/mod/brl.mod/blitz.mod/blitz_incbin.c:24). The call site pushes
# len, then ptr, then the path -- so arg1 is the BBString that sits immediately AFTER the
# data, exactly the [data][pad][path BBString] layout verified in spec 24.3. Proof:
# 0x005CF410 decodes as 'Inc/Credits.txt', and all ELEVEN range starts equal the eleven
# asset VAs exactly (0x005CF00C, 0x005CF43C, 0x005E0AF8, 0x005F2EF4, 0x005F7B14, 0x007C70E0,
# 0x009F0524, 0x00A9F0D4, 0x00B08960, 0x00B8CAC8, 0x00C39E34), with lengths matching each
# asset plus its 0-2 alignment bytes. Spec 22's note that "globals_final.tsv places 0 of its
# entries inside these ranges" was the tell: a Global storage map containing no Globals.
