order	body_offset	classtable_va	type	extends
0	437	0x00c58ff4	z_1a09b2da_7c75_4a81_b2c3_6774c843be3d_3_0	Object(runtime)
1	450	0x00c59250	z_blide_bg1a09b2da_7c75_4a81_b2c3_6774c843be3d	Object(runtime)
2	463	0x00c592e0	z_My_1a09b2da_7c75_4a81_b2c3_6774c843be3d	Object(runtime)
3	476	0x00c596ac	TBase_Team	Object(runtime)
4	489	0x00c599c8	TNation	TBase_Team
5	502	0x00c59dac	TClub	TBase_Team
6	515	0x00c5a2a0	TFixture	Object(runtime)
7	574	0x00c5a3f0	TLocale	Object(runtime)
8	587	0x00c5a47c	TNames	Object(runtime)
9	600	0x00c5ae98	TBall	Object(runtime)
10	613	0x00c5b180	TDrawOb	Object(runtime)
11	755	0x00c5ba30	TEngine	Object(runtime)
12	768	0x00c5bfbc	TFormation	Object(runtime)
13	781	0x00c5c1a0	TJoy	Object(runtime)
14	880	0x00c5c480	TKit	Object(runtime)
15	893	0x00c5c67c	TKitStrings	Object(runtime)
16	906	0x00c5c770	TPlayerColours	Object(runtime)
17	919	0x00c5cd68	TTeam	Object(runtime)
18	932	0x00c5d118	TMyVector	Object(runtime)
19	1516	0x00c5d518	TOptions	Object(runtime)
20	1823	0x00c5d92c	TPitch	Object(runtime)
21	1836	0x00c5dad8	TPitchMark	Object(runtime)
22	1897	0x00c5dc58	TPhotographer	Object(runtime)
23	1958	0x00c5ddc0	TCameraMan	Object(runtime)
24	1971	0x00c5f94c	TPlayer	Object(runtime)
25	1984	0x00c5fe58	TReplay	Object(runtime)
26	1997	0x00c6008c	TReplayFrame	Object(runtime)
27	2010	0x00c601cc	TWeather	Object(runtime)
28	2023	0x00c603d4	TSnowFlake	Object(runtime)
29	2036	0x00c604d0	TInterceptPoint	Object(runtime)
30	2049	0x00c6059c	TMyGfxModes	Object(runtime)
31	2062	0x00c60650	TMyBankStream	TBankStream
32	2075	0x00c60764	TMyStream	TStreamWrapper
33	2088	0x00c60958	TContinent	Object(runtime)
34	2101	0x00c615c0	TCompetition	Object(runtime)
35	2162	0x00c61c2c	TScreen	Object(runtime)
36	2175	0x00c62150	TGadget	Object(runtime)
37	2188	0x00c62344	TButton	TGadget
38	2201	0x00c62558	TInputBox	TGadget
39	2214	0x00c62b24	TTable	TGadget
40	2227	0x00c62cb4	TColumn	Object(runtime)
41	2240	0x00c62d6c	TRow	Object(runtime)
42	2253	0x00c63058	TCombo	TGadget
43	2266	0x00c6320c	TPanel	TGadget
44	2279	0x00c63438	TLabel	TGadget
45	2292	0x00c63720	TProgressBar	TGadget
46	2305	0x00c6388c	THelpBox	Object(runtime)
47	2318	0x00c63950	TScreen_Language	Object(runtime)
48	2331	0x00c63c6c	TScreen_MainMenu	Object(runtime)
49	2344	0x00c6402c	TScreen_Options	Object(runtime)
50	2357	0x00c641c4	TScreen_Controls	Object(runtime)
51	2370	0x00c643d0	TScreen_NewPlayer	Object(runtime)
52	2383	0x00c644c4	TScreen_CreateAccount	Object(runtime)
53	2396	0x00c645bc	TScreen_Difficulty	Object(runtime)
54	2409	0x00c64754	TPromotionPlace	Object(runtime)
55	2422	0x00c64940	TTeamPool	Object(runtime)
56	2435	0x00c64b80	TTableData	Object(runtime)
57	2448	0x00c64cd8	TStadium	Object(runtime)
58	2461	0x00c64e68	TScreen_EditMenu	Object(runtime)
59	2474	0x00c64fe4	TScreen_EditContinents	Object(runtime)
60	2487	0x00c651d8	TScreen_EditNations	Object(runtime)
61	2500	0x00c65368	TScreen_Clubs	Object(runtime)
62	2513	0x00c65524	TScreen_EditClubs	Object(runtime)
63	2526	0x00c656bc	TScreen_Competitions	Object(runtime)
64	2539	0x00c658a4	TScreen_EditCompetition	Object(runtime)
65	2552	0x00c659d4	TScreen_Promotions	Object(runtime)
66	2565	0x00c65c08	TScreen_ContinentalComps	Object(runtime)
67	3076	0x00c65de4	TScreen_EditKits	Object(runtime)
68	3089	0x00c65ea8	TScreen_Calendar	Object(runtime)
69	3102	0x00c6610c	TDate	Object(runtime)
70	3115	0x00c662fc	TMyDate	Object(runtime)
71	3128	0x00c663d0	TScreen_TestMenu	Object(runtime)
72	3141	0x00c665a4	TScreen_TestTournaments	Object(runtime)
73	3154	0x00c666dc	TScreen_TestFixtures	Object(runtime)
74	3167	0x00c668dc	TScreen_GameMenu	Object(runtime)
75	3180	0x00c66a2c	TScreen_Home	Object(runtime)
76	3193	0x00c66b44	TScreen_Abilities	Object(runtime)
77	3206	0x00c66cd0	TScreen_Relationships	Object(runtime)
78	3358	0x00c66de0	TScreen_Shop	Object(runtime)
79	3419	0x00c66ec0	TScreen_BootShop	Object(runtime)
80	3432	0x00c67154	TScreen_Leagues	Object(runtime)
81	3445	0x00c67434	TScreen_Continents	Object(runtime)
82	3458	0x00c675fc	TScreen_Kits	Object(runtime)
83	3471	0x00c67754	TScreen_MatchPaused	Object(runtime)
84	3484	0x00c67944	TScreen_Formation	Object(runtime)
85	3497	0x00c67ac8	TScreen_Stats	Object(runtime)
86	3510	0x00c67d24	TScreen_ContractOffer	Object(runtime)
87	3571	0x00c67fd8	TScreen_MyContract	Object(runtime)
88	3584	0x00c68110	TScreen_Dilemma	Object(runtime)
89	3597	0x00c681f0	TScreen_Finances	Object(runtime)
90	3658	0x00c682d4	TScreen_Newspaper	Object(runtime)
91	3671	0x00c68390	TScreen_Achievements	Object(runtime)
92	3684	0x00c68528	TScreen_WorldMap	Object(runtime)
93	3697	0x00c6876c	TScreen_MatchPrep	Object(runtime)
94	3710	0x00c68894	TScreen_SeasonReview	Object(runtime)
95	3723	0x00c689b8	TScreen_WebPage	Object(runtime)
96	3736	0x00c68a9c	TScreen_ReportPhysio	Object(runtime)
97	3749	0x00c68b88	TScreen_ReportBoss	Object(runtime)
98	3762	0x00c6a4c0	TProfile	Object(runtime)
99	3775	0x00c6a854	TStats_Match	Object(runtime)
100	3788	0x00c6a97c	TStat	Object(runtime)
101	3801	0x00c6ac0c	TStats_Team	Object(runtime)
102	3814	0x00c6ad44	THistory	Object(runtime)
103	3827	0x00c6af88	TParticle	Object(runtime)
104	3840	0x00c6b234	TScreenMessage	Object(runtime)
105	3853	0x00c6b3e0	TBossMessage	Object(runtime)
106	3866	0x00c6b7b8	TContractOffer	Object(runtime)
107	3927	0x00c6b9ec	TScreen_Casino	Object(runtime)
108	3988	0x00c6bb64	TScreen_Roulette	Object(runtime)
109	4001	0x00c6bc70	TRoulette	Object(runtime)
110	4368	0x00c6be0c	TRouletteWheel	Object(runtime)
111	4381	0x00c6bfd4	TRouletteBall	Object(runtime)
112	4394	0x00c6c118	TScreen_BlackJack	Object(runtime)
113	4407	0x00c6c2e8	TBlackJack	Object(runtime)
114	4420	0x00c6c450	TCard	Object(runtime)
115	4433	0x00c6c510	TScreen_Slots	Object(runtime)
116	4446	0x00c6c60c	TSlotMachine	Object(runtime)
117	4459	0x00c6c7c0	TSlotStrip	Object(runtime)
118	4616	0x00c6c984	TScreen_Pairs	Object(runtime)
119	4725	0x00c6caec	TPair_Icon	Object(runtime)
120	4738	0x00c6cbbc	TButtonPos	Object(runtime)
121	4895	0x00c6cd78	TScreen_Negotiate	Object(runtime)
122	4956	0x00c6cf0c	TScreen_Interview	Object(runtime)
123	5017	0x00c6d4a4	TTraining	Object(runtime)
124	5030	0x00c6d678	TTrainingObject	Object(runtime)
125	5043	0x00c6d770	TCone	TTrainingObject
126	5056	0x00c6d898	TDummy	TTrainingObject
127	5069	0x00c6d9a4	TPole	TTrainingObject
128	5082	0x00c6daac	TTrainingZone	TTrainingObject
129	5095	0x00c6dc1c	TTrainingLine	TTrainingObject
130	5108	0x00c6dd00	TTarget	TTrainingObject
131	5217	0x00c6de58	TPanel_Controls	Object(runtime)
132	5422	0x00c6e208	TScreen_Stable	Object(runtime)
133	5526	0x00c6e788	THorse	Object(runtime)
134	5539	0x00c6e8b0	TAchievement	Object(runtime)
